"Data Source","World Development Indicators",

"Last Updated Date","2019-03-21",

"Country Name","Country Code","Indicator Name","Indicator Code","1960","1961","1962","1963","1964","1965","1966","1967","1968","1969","1970","1971","1972","1973","1974","1975","1976","1977","1978","1979","1980","1981","1982","1983","1984","1985","1986","1987","1988","1989","1990","1991","1992","1993","1994","1995","1996","1997","1998","1999","2000","2001","2002","2003","2004","2005","2006","2007","2008","2009","2010","2011","2012","2013","2014","2015","2016","2017","2018",
"Aruba","ABW","Children out of school, primary, male","SE.PRM.UNER.MA","","","","","","","","","","","","","","","","","","","","","","","","","","","","","","","","","","","","","","","","110","64","157","175","221","164","36","24","20","24","254","","","","","35","","","","",
"Afghanistan","AFG","Children out of school, primary, male","SE.PRM.UNER.MA","","","","","","","","","","","","","","","547714","","","","","","","","","","","","","","","","","","","788683","","","","","","","","","","","","","","","","","","","","","","","","","",
"Angola","AGO","Children out of school, primary, male","SE.PRM.UNER.MA","","","","","","","","","","","","","","","","","","","","","","","311241","340825","","","","","","","","","","","","","","","475115","","","","","","","","","","360626","383302","340313","234686","","","","","","","",
"Albania","ALB","Children out of school, primary, male","SE.PRM.UNER.MA","","","","","","","","","","","","","","","","","","","","","","","","","","","","","","","","","","","","","","","","1969","4846","7516","","9897","11258","","","","13622","18143","16836","14983","10002","5314","3446","3338","3240","1972","",
"Andorra","AND","Children out of school, primary, male","SE.PRM.UNER.MA","","","","","","","","","","","","","","","","","","","","","","","","","","","","","","","","","","","","","","","","","","","","","","","","","","","","","","","","","","","",
"Arab World","ARB","Children out of school, primary, male","SE.PRM.UNER.MA","","","","","","","","","","","3666181","3747153","3690473","3674179","3676747","3673404","3570514","3594242","3635896","3618021","3606955","3673071","3735385","3775917","3712292","3756676","3745118","3699822","3740924","3845396","3800461","3914009","4335572","4408192","4230891","4408430","4220641","4181176","4222039","4131775","3955257","3726838","3534138","3366129","3223857","3230774","3203279","2971757","2817205","2742739","2606621","2808748","3006773","3409251","3726187","3692168","3739070","3718650","",
"United Arab Emirates","ARE","Children out of school, primary, male","SE.PRM.UNER.MA","","","","","","","","","","","","","","","","","","","7768","","11815","14685","13395","17095","18585","20581","22281","13262","10270","6071","2752","2546","6150","12925","16698","16384","20729","26503","27386","","","","","","","","","9324","","","","","11383","14122","11715","9813","4361","","",
"Argentina","ARG","Children out of school, primary, male","SE.PRM.UNER.MA","","","","","","","","","","","97442","","","","63095","67633","","","","","","","","","","","","","","","","89555","","","","","","","","6020","","","","5030","4732","4411","4447","4584","6177","5933","5680","4730","3491","3207","2837","2351","2339","","",
"Armenia","ARM","Children out of school, primary, male","SE.PRM.UNER.MA","","","","","","","","","","","","","","","","","","","","","","","","","","","","","","","","","","","","","","","","","","","11239","11553","","8482","5634","2446","","","","4010","2984","2872","4978","6282","6646","6515","",
"American Samoa","ASM","Children out of school, primary, male","SE.PRM.UNER.MA","","","","","","","","","","","","","","","","","","","","","","","","","","","","","","","","","","","","","","","","","","","","","","","","","","","","","","","","","","","",
"Antigua and Barbuda","ATG","Children out of school, primary, male","SE.PRM.UNER.MA","","","","","","","","","","","","","","","","","","","","","","","","","","","","","","","","","","","","","","","","","","","","","","","","929","918","883","938","1121","1270","","1248","1048","","","",
"Australia","AUS","Children out of school, primary, male","SE.PRM.UNER.MA","","","","","","","","","","","","30472","","43983","49119","25309","16076","","","","","777","10064","16358","30680","31366","26791","23438","19182","18708","21342","26201","28300","31577","34160","53086","50477","56161","60412","67200","70712","74143","73152","65790","60719","54398","51132","42059","40227","37214","33148","26018","27005","28987","33773","35404","39710","","",
"Austria","AUT","Children out of school, primary, male","SE.PRM.UNER.MA","","","","","","","","","","","","","","","","","","","","","","","","","","","","","","10732","","","","","","","","","","","","","","","","","","","","","","","","","","","","","",
"Azerbaijan","AZE","Children out of school, primary, male","SE.PRM.UNER.MA","","","","","","","","","","","","","","","","","","","","","","","","","","","","","","","","5799","7632","27541","39019","56411","38359","34349","40321","29349","42084","50174","49185","47847","45399","41465","39283","46271","43949","37768","40292","31263","25890","12462","11527","12715","12363","21303","",
"Burundi","BDI","Children out of school, primary, male","SE.PRM.UNER.MA","","","","","","","","","","","","","","219406","","","","","237458","","235419","228858","215991","196391","184780","176842","177956","170568","174597","","","","","219712","","","","","","","317053","261892","265019","247640","250180","234382","139262","97403","32707","51908","19247","","","","","","","30562","",
"Belgium","BEL","Children out of school, primary, male","SE.PRM.UNER.MA","","","","","","","","","","","","","","","","","","17215","","11503","9011","14183","12779","26924","29537","30847","24582","19804","15542","","","17643","22528","9731","11815","11386","9635","","","3606","3667","3573","4476","7969","14712","15849","14132","10909","8681","8765","9794","9435","7948","7868","7780","6121","5129","","",
"Benin","BEN","Children out of school, primary, male","SE.PRM.UNER.MA","","","","","","","","","","","","","","","","","","","","","","","","","110971","111825","125643","","137733","140628","197369","","152178","136570","140817","134808","129992","118769","","","","","","","","","33953","","24957","","","1060","","","","","","","",
"Burkina Faso","BFA","Children out of school, primary, male","SE.PRM.UNER.MA","","","","","","","","","","","","382862","388491","","","","","423482","431614","439920","445978","447714","446745","451474","455467","455149","455326","456675","470186","486205","","510139","520708","527434","530512","527777","","","533475","544505","548300","553627","584701","577948","576742","540972","517082","471145","418466","403084","498827","454932","458467","465969","460408","450238","370444","364981","",
"Bangladesh","BGD","Children out of school, primary, male","SE.PRM.UNER.MA","","","","","","","","","","","1588696","","","480160","","","","613194","694059","","","1270842","","1298604","1715317","1885715","2029669","2160476","1707312","1768291","1660178","","","","","","","","","","","","","","","625717","632001","","728814","881658","840144","","","","","","","622637","",
"Bulgaria","BGR","Children out of school, primary, male","SE.PRM.UNER.MA","","","","","","","","","","","","","","","","","","","","","","","","","","","","","","","","","","","","","10771","9097","2397","3264","4147","3937","6419","5988","4679","6119","4184","347","523","1326","843","897","2958","4778","5877","7135","9445","","",
"Bahrain","BHR","Children out of school, primary, male","SE.PRM.UNER.MA","","","","","","","","","","","","2619","2181","2109","1563","966","1893","1939","2752","3064","3067","3352","3765","3484","3077","2359","938","1332","376","198","","","1239","895","1048","576","","","","270","1497","3149","3118","3766","4009","5320","5208","","","","","4606","4145","3565","2581","1346","1654","573","",
"Bahamas, The","BHS","Children out of school, primary, male","SE.PRM.UNER.MA","","","","","","","","","","","","","","","","","","","","","","","","","","","","","","","","","2111","2167","","","","","","1405","","","","","1101","421","691","","402","1070","","","","","","","2439","","",
"Bosnia and Herzegovina","BIH","Children out of school, primary, male","SE.PRM.UNER.MA","","","","","","","","","","","","","","","","","","","","","","","","","","","","","","","","","","","","","","","","","","","","","","","","","","","","","","","","","","","",
"Belarus","BLR","Children out of school, primary, male","SE.PRM.UNER.MA","","","","","","","","","","","","","","","","","","","","","","","","","","","","","","","","","","","","35281","","","","","","","","","","","","","","13704","15094","16004","10470","14252","12974","12380","7654","8162","",
"Belize","BLZ","Children out of school, primary, male","SE.PRM.UNER.MA","","","","","","","","","","","","","","","","","","","","","","","","","","","","","","","","","","","","","","","","97","623","1278","","1476","1144","1111","1066","1228","820","627","497","404","159","209","49","73","64","83","",
"Bermuda","BMU","Children out of school, primary, male","SE.PRM.UNER.MA","","","","","","","","","","","","","","","","","","","493","537","","","","","299","197","","","","","","","","","","","","","","","","","","","","","","","","","","308","359","","","","","","",
"Bolivia","BOL","Children out of school, primary, male","SE.PRM.UNER.MA","","","","","","","","","","","","","","","","","","","","","","","","","","","","","","","","","","","","","","","24219","24620","21839","21702","20447","18731","21338","20745","21079","22791","33835","12548","29646","45836","68704","69725","70788","66534","60700","49388","",
"Brazil","BRA","Children out of school, primary, male","SE.PRM.UNER.MA","","","","","","","","","","","","","","","","","","","","","","","","","","","","","","","","","","","","","","","","","","","","","176218","360528","","628402","58594","295836","","254111","131608","238951","202847","245631","264739","","",
"Barbados","BRB","Children out of school, primary, male","SE.PRM.UNER.MA","","","","","","","","","","","","2430","2056","2050","","","77","","","","","969","657","114","","","","","","48","187","","1243","","","","","","","314","549","652","970","968","1053","1136","898","694","396","803","660","797","","","1097","964","957","1099","",
"Brunei Darussalam","BRN","Children out of school, primary, male","SE.PRM.UNER.MA","","","","","","","","","","","","","","","","","","1213","1282","2753","2883","3772","4163","4065","3963","","3404","","","","","1689","1556","1268","1201","415","","","","","","","","","","","","","","538","","","626","589","676","554","628","660","",
"Bhutan","BTN","Children out of school, primary, male","SE.PRM.UNER.MA","","","","","","","","","","","","","","","","","","","21973","21649","","","","","","","","","","","","","","","","","","","24073","24101","22974","21025","","","","16555","14526","","11640","9228","8152","7645","6599","7193","","8544","9279","9646","",
"Botswana","BWA","Children out of school, primary, male","SE.PRM.UNER.MA","","","","","","","","","","","42172","45212","45579","46070","44325","41135","39018","36871","37234","36894","34013","29727","","27112","27221","25495","24146","23725","24130","23661","25479","23378","24087","24149","23612","34811","32943","","27487","27958","26417","24044","23550","23738","20211","23687","21223","22301","22992","21319","","","11937","10690","17698","","","","",
"Central African Republic","CAF","Children out of school, primary, male","SE.PRM.UNER.MA","","","","","","","","","","","","45963","43194","41831","","","","56897","58603","","","53822","50905","44925","","","53298","80107","89413","92694","70681","86144","","","","","","","","","","","","","","142507","142632","114404","85446","85734","79513","90325","85211","","","","","","",
"Canada","CAN","Children out of school, primary, male","SE.PRM.UNER.MA","","","","","","","","","","","","","","","","","","","","","","","48548","49209","54515","57555","55218","54343","55187","46575","59705","24351","27871","43282","45819","63484","52052","","18913","4540","","","","","","","","","","","","","","","","","","","",
"Central Europe and the Baltics","CEB","Children out of school, primary, male","SE.PRM.UNER.MA","","","","","","","","","","","","","","","","","","","","","","","","","","","","","","","","","","","","","","234735","135873","157561","151438","147266","153778","153911","152263","158545","154124","135450","123725","117043","107457","115653","117299","131757","141889","149277","152321","154445","",
"Switzerland","CHE","Children out of school, primary, male","SE.PRM.UNER.MA","","","","","","","","","","","","","","","","","","78434","75693","","","65750","63313","62449","61883","59828","57048","53192","48138","42633","38763","37473","38289","41671","44960","26995","22787","","","1847","2813","3364","3441","3517","","","","","","","2765","2520","2810","1469","1369","1439","724","","",
"Channel Islands","CHI","Children out of school, primary, male","SE.PRM.UNER.MA","","","","","","","","","","","","","","","","","","","","","","","","","","","","","","","","","","","","","","","","","","","","","","","","","","","","","","","","","","","",
"Chile","CHL","Children out of school, primary, male","SE.PRM.UNER.MA","","","","","","","","","","","","","","","","","","","","","","","","","","","","","","","","","","","","","","","","","","","","","","","","33611","34962","54390","52320","60569","65208","72043","70434","64240","54735","","",
"China","CHN","Children out of school, primary, male","SE.PRM.UNER.MA","","","","","","","","","","","","","","","","","","","","","","","","","","","","1091484","","","","506840","1414028","2315342","3460813","4829038","5901421","6663892","","","","","","","","","","","","","","","","","","","","","",
"Cote d'Ivoire","CIV","Children out of school, primary, male","SE.PRM.UNER.MA","","","","","","","","","","","","","","","","","","224167","","","","","","","","","","","","","","","","","","","462405","461439","","460835","477043","432160","431007","552666","","","","","","646578","","","","495729","388620","323344","143696","131946","",
"Cameroon","CMR","Children out of school, primary, male","SE.PRM.UNER.MA","","","","","","","","","","","","137163","153819","169848","194708","158651","155908","171997","168539","170273","175548","","","","","","","","180457","","204919","234128","","","","","","","","","","","","","","","","","","","","50534","7951","","8347","","10140","11908","",
"Congo, Dem. Rep.","COD","Children out of school, primary, male","SE.PRM.UNER.MA","","","","","","","","","","","","250263","302855","","","314165","","","","281544","","","","293555","301349","","","","715997","","","898683","1009006","1097401","1071926","686409","","","","2356583","","","","","","","","","","","","","","","","","","","",
"Congo, Rep.","COG","Children out of school, primary, male","SE.PRM.UNER.MA","","","","","","","","","","","","","13415","","6837","","5623","","2906","3027","17567","19810","19977","20722","18565","","","","","","","","","","","","","","","","","","","","","148520","122770","","","","46041","","58020","","","","","","",
"Colombia","COL","Children out of school, primary, male","SE.PRM.UNER.MA","","","","","","","","","","","","","","","","","","","","","","","","","","","707945","","","","","790829","","","","","","","","93536","53970","118164","109552","","69225","58670","81036","96696","79026","64559","54420","54258","116626","144745","161904","142854","134241","132132","",
"Comoros","COM","Children out of school, primary, male","SE.PRM.UNER.MA","","","","","","","","","","","","","","","","","","","","","","","","","","","","5095","","","","","","","9277","","","","","15601","12563","","","","","","","9203","","","","","","6293","9271","","","9477","",
"Cabo Verde","CPV","Children out of school, primary, male","SE.PRM.UNER.MA","","","","","","","","","","","","","","","","","","","","","","2659","2853","3470","2154","1405","1155","1034","","","","","","","","","","","","","","686","891","1039","1894","2020","2339","2758","3373","3752","4154","4323","4101","4296","4180","4179","4280","4309","",
"Costa Rica","CRI","Children out of school, primary, male","SE.PRM.UNER.MA","","","","","","","","","","","19373","","16965","15316","","17124","14580","","16358","18450","18052","16626","19716","","","25556","25022","25412","","26020","27070","26922","","","","","","","","","","","","","","","","","","","","1523","1463","3801","7998","7504","7199","","",
"Caribbean small states","CSS","Children out of school, primary, male","SE.PRM.UNER.MA","","","","","","","","","","","29627","30040","27595","27509","23275","35856","42392","32766","33700","33688","40258","36440","28802","27903","29114","28682","29060","19062","22450","17040","25091","31434","32563","34651","33646","31908","31319","31531","29121","27519","27370","30838","37127","37403","31487","32039","29878","28972","24599","25431","23063","22810","23343","23344","","","","","",
"Cuba","CUB","Children out of school, primary, male","SE.PRM.UNER.MA","","","","","","","","","","","","","56081","44563","37754","","","","","10061","12925","30970","38251","34682","45413","50408","44308","32734","30884","30060","34197","37152","28417","24714","13788","15104","2822","3731","5767","4535","7824","11183","14233","23612","23661","25585","26626","13377","9791","586","10","10","1867","1432","13721","16900","15727","10711","",
"Curacao","CUW","Children out of school, primary, male","SE.PRM.UNER.MA","","","","","","","","","","","","","","","","","","","","","","","","","","","","","","","","","","","","","","","","","","","","","","","","","","","","","","","","","","","",
"Cayman Islands","CYM","Children out of school, primary, male","SE.PRM.UNER.MA","","","","","","","","","","","","","","","","","","","","","","","","","","","","","","","","","","","","","","","","","","","","","","","","","","","","","","","","","","","",
"Cyprus","CYP","Children out of school, primary, male","SE.PRM.UNER.MA","","","","","","","","","","","","8168","8466","8293","8277","10694","11429","11703","11302","10935","11000","9796","10923","10702","10568","10372","8818","7519","7128","7361","8071","8280","9182","793","983","1243","1220","1273","","669","765","923","587","510","380","130","142","163","212","155","245","189","552","814","963","691","","","",
"Czech Republic","CZE","Children out of school, primary, male","SE.PRM.UNER.MA","","","","","","","","","","","","","","","","","","","","","","","","","","","","","","","","","","","","","","","","","","","","","","","","","","","","","","","","","","","",
"Germany","DEU","Children out of school, primary, male","SE.PRM.UNER.MA","","","","","","","","","","","","","","","","","","","","","","","","","","","","","","","","","","","","","","","","","","","4197","10373","","","","","","","","","","","","","","","",
"Djibouti","DJI","Children out of school, primary, male","SE.PRM.UNER.MA","","","","","","","","","","","","","","","","","","","","","","","","","","25195","25832","27653","29815","31735","32939","","33236","35273","35549","36116","37297","39487","","41009","41265","39088","37892","","35547","34959","33340","31841","25514","26116","","21732","","21486","16812","20438","21960","18448","",
"Dominica","DMA","Children out of school, primary, male","SE.PRM.UNER.MA","","","","","","","","","","","","","","","","","604","762","","1308","1170","1510","932","","","","","","","","","","","","","","","","","","","","","","143","287","381","466","421","174","","","","","","","83","","",
"Denmark","DNK","Children out of school, primary, male","SE.PRM.UNER.MA","","","","","","","","","","","","","","","","","","","","","","10832","8739","4841","2201","3135","2637","2559","2342","4453","4518","3193","4241","4879","2000","3149","3071","","","4478","4791","","","","4928","9620","9098","7937","9750","9784","9882","6720","5360","4090","4698","3692","3122","","",
"Dominican Republic","DOM","Children out of school, primary, male","SE.PRM.UNER.MA","","","","","","","","","","","","","","","","","","","","","","","","","","","","","","","","","","","","","","","","100150","95018","","46117","62165","114333","103977","117299","74286","95903","6804","33219","48075","61784","72136","88234","69688","79310","","",
"Algeria","DZA","Children out of school, primary, male","SE.PRM.UNER.MA","","","","","","","","","","","","","","291116","236073","207246","185514","175112","172831","185666","176376","181922","198497","226088","218932","229414","224761","213008","202321","191930","190988","163218","151144","177728","194434","198879","221989","244299","","200358","186354","135953","110336","99116","80858","71568","63815","60720","36745","","","","","","","","61","","",
"East Asia & Pacific (excluding high income)","EAP","Children out of school, primary, male","SE.PRM.UNER.MA","","","","","","","","","","","","","","","","","","","","","","","","","","","3485246","2494665","2098601","1828351","2134232","2139510","2993741","3970628","5027463","6507081","7706522","8629854","7074870","5411740","4927050","4314727","2184316","2213522","2380060","4231350","4664481","3734670","3589585","3253507","3295179","3345661","3236877","3519319","3289737","3244584","3150195","3133996","",
"Early-demographic dividend","EAR","Children out of school, primary, male","SE.PRM.UNER.MA","","","","","","","","","","","24931713","25210445","24407541","23269731","23637582","23397997","23089642","22238881","22950807","22860237","22384140","21759405","21189062","20878801","20892564","21135735","20920152","21341881","20745297","19783444","19994271","20103158","20523635","20682893","20470397","21058928","20840198","21377953","21236482","21062778","19726975","19401009","19414737","18869368","16776233","14916983","13820505","11416315","11921267","12792908","11983964","12698778","11399827","11183531","10974645","10288555","10012742","10212533","",
"East Asia & Pacific","EAS","Children out of school, primary, male","SE.PRM.UNER.MA","","","","","","","","","","","","","","","","","","","","","","","","","5388403","4373934","3587678","2558738","2140063","1865450","2179566","2228481","3114580","4121670","5158942","6652758","7871302","8832134","7317372","5654234","5150652","4554338","2395738","2372059","2511096","4324767","4755127","3813692","3665145","3327296","3393784","3450132","3377456","3713356","3493459","3388386","3326820","3311860","",
"Europe & Central Asia (excluding high income)","ECA","Children out of school, primary, male","SE.PRM.UNER.MA","","","","","","","","","","","","","","","","","","","","","","","","","","","","","","","","","584984","679845","730600","899511","857048","888377","813867","742481","821386","733661","597917","583760","599822","549110","583218","562913","551167","604528","542279","527043","532462","485525","512485","480324","491167","496217","",
"Europe & Central Asia","ECS","Children out of school, primary, male","SE.PRM.UNER.MA","","","","","","","","","","","","","","1873205","1821480","1758814","1675157","1640385","1543481","1489241","1475503","1612431","1638202","1738968","1649630","1625719","1464059","1353881","1237324","1279713","1281534","1172678","1256861","1273060","1287705","1420413","1317150","1318358","1000280","916758","1059564","974004","874205","889150","947204","828268","858207","845957","790713","862762","794580","772565","768317","705963","761744","718361","734944","742281","",
"Ecuador","ECU","Children out of school, primary, male","SE.PRM.UNER.MA","","","","","","","","","","","","100932","","102004","100998","109800","110013","92935","83113","62927","73864","","","","","","","","","","","","","","65063","63256","56209","36650","35435","38459","30805","18451","","","","","","","","37340","38135","","","44094","26729","28059","26017","30049","",
"Egypt, Arab Rep.","EGY","Children out of school, primary, male","SE.PRM.UNER.MA","","","","","","","","","","","","690111","685121","703958","","","","","768167","","","","","","","","","","","","","","","","386391","","","438133","","617670","525918","466679","412330","340084","263996","","","","","","","","182736","","207550","","109379","117191","",
"Euro area","EMU","Children out of school, primary, male","SE.PRM.UNER.MA","","","","","","","","","","","635322","641767","639370","640748","559114","517045","482748","476216","408419","374565","365771","361686","395324","469482","482617","460647","370117","348426","331322","312345","323078","323148","373660","350636","346904","304133","236934","243052","98908","79663","143637","149018","161789","173467","180827","115923","106753","95706","104122","120424","127148","118824","121604","136036","161740","151480","161340","161726","",
"Eritrea","ERI","Children out of school, primary, male","SE.PRM.UNER.MA","","","","","","","","","","","","","","","","","","","","","","","","","","","","","","","","","173715","","175796","177261","177253","177460","","163033","147986","140559","123619","109455","101389","97708","101345","117275","128835","142349","153989","151867","150339","170917","176710","188736","","217048","",
"Spain","ESP","Children out of school, primary, male","SE.PRM.UNER.MA","","","","","","","","","","","","140066","121033","102512","","","","28643","29225","30760","","","","","","","","","26776","17382","14308","","10451","","","","","","","2493","4375","4952","3685","2326","4026","3495","1018","1130","2709","6046","7954","6635","7243","15832","24200","18059","23062","","",
"Estonia","EST","Children out of school, primary, male","SE.PRM.UNER.MA","","","","","","","","","","","","","","","","","","","","","","","","","","","","","","","","","","","","8115","5863","","","1063","1238","1242","","1808","2143","1901","1842","1344","1366","1286","157","177","226","637","2504","2996","3036","","",
"Ethiopia","ETH","Children out of school, primary, male","SE.PRM.UNER.MA","","","","","","","","","","","","","","","","","","","","","","","","","","","","2265246","2303760","2453401","","","","","3505147","3476496","3331031","","3072425","3045588","2928398","2792814","2763821","2835832","2825467","2274378","2098443","1831564","1494617","1616702","1789655","1497081","1427973","","862316","871716","","","",
"European Union","EUU","Children out of school, primary, male","SE.PRM.UNER.MA","","","","","","","","","","","853535","856381","843769","875701","814978","792573","779233","791256","753489","744975","725521","758778","767938","844249","851302","869989","774405","727246","708538","727645","758721","803966","858780","760428","658956","596286","516752","457378","218219","225878","288089","286272","308829","321046","351600","286937","291895","299360","259311","280226","274316","271216","267945","266803","299567","292882","306666","309057","",
"Fragile and conflict affected situations","FCS","Children out of school, primary, male","SE.PRM.UNER.MA","","","","","","","","","","","5522944","5654563","5671847","5547892","5829911","5863955","5782969","5885810","6042670","6079580","5988104","5881091","6067045","5980784","6048558","6213960","6299073","6674663","6916245","7243619","7794098","7433499","7688436","7877757","7837963","7595889","8025134","8422026","9052489","9692855","9540906","9222242","9000058","8686347","8471385","8385766","8076260","8062112","7341949","7386801","7238321","7174890","7212072","7702046","7798870","8034588","8082743","8227678","",
"Finland","FIN","Children out of school, primary, male","SE.PRM.UNER.MA","","","","","","","","","","","","","","","","","","","","","","","","","","","","","","","","","","2446","2878","3463","3814","2666","747","","","612","1260","2549","4349","5383","6584","5244","3968","3663","3083","2502","1519","1637","1329","1553","1788","","",
"Fiji","FJI","Children out of school, primary, male","SE.PRM.UNER.MA","","","","","","","","","","","","","","","","","","","","","","","","","","","","","","","","","1964","","1797","2727","3764","3527","3124","3472","3002","1244","","680","526","","625","","","423","","","","2121","","1228","","","",
"France","FRA","Children out of school, primary, male","SE.PRM.UNER.MA","","","","","","","","","","","","81082","80110","","","","","","","","","","30437","83778","","92295","32988","","","","","","7818","37528","40105","21675","4709","9907","","8059","79249","80629","81421","85672","88140","20153","17747","22639","30522","38597","44090","27307","33133","31172","28836","26428","25069","","",
"Faroe Islands","FRO","Children out of school, primary, male","SE.PRM.UNER.MA","","","","","","","","","","","","","","","","","","","","","","","","","","","","","","","","","","","","","","","","","","","","","","","","","","","","","","","","","","","",
"Micronesia, Fed. Sts.","FSM","Children out of school, primary, male","SE.PRM.UNER.MA","","","","","","","","","","","","","","","","","","","","","","","","","","","","","","","","","","","","","","","","","","","","","","","","","","","","","","","1072","1290","","","",
"Gabon","GAB","Children out of school, primary, male","SE.PRM.UNER.MA","","","","","","","","","","","","","","","","","","","","","","","","","","","","","","","","","","","","","","7739","","","","","","","","","","","","","","","","","","","","","",
"United Kingdom","GBR","Children out of school, primary, male","SE.PRM.UNER.MA","","","","","","","","","","","","53853","76463","105689","122009","126204","125203","113700","109436","100841","61795","63421","84432","115466","118514","141250","104188","46770","11728","","","46808","80061","","","","","","906","2098","2006","","7394","4066","17363","42","15060","54739","22855","38385","34621","36078","29448","","","","4009","","",
"Georgia","GEO","Children out of school, primary, male","SE.PRM.UNER.MA","","","","","","","","","","","","","","","","","","","","","","","","","","","","","","","","","","","","31185","33018","28546","","","","","","","24000","26091","23146","8360","6150","7469","","5911","2287","","","","","","",
"Ghana","GHA","Children out of school, primary, male","SE.PRM.UNER.MA","","","","","","","","","","","","","","","","","","","","","","","","","","","","","","","","","","","","","","","","547298","505651","604111","580528","622258","","581262","621822","533563","454405","482195","","343048","","279049","235160","206679","295185","333405","",
"Gibraltar","GIB","Children out of school, primary, male","SE.PRM.UNER.MA","","","","","","","","","","","","","","","","","","","","","","","","","","","","","","","","","","","","","","","","","","","","","","","","","","","","","","","","","","","",
"Guinea","GIN","Children out of school, primary, male","SE.PRM.UNER.MA","","","","","","","","","","","","","","","","","","","","","","","","","220370","211081","231203","250909","256553","269843","288640","293132","","","","","","","345315","340068","332075","316337","267120","249902","234754","228189","219453","208584","220096","212155","186409","161531","167525","159216","127119","","132521","","",
"Gambia, The","GMB","Children out of school, primary, male","SE.PRM.UNER.MA","","","","","","","","","","","","20995","22881","23837","25021","25668","25831","23058","21251","20262","18822","14969","13490","12403","12897","12115","13664","","","","","","35912","34752","","","30014","","29177","19069","23187","24149","27184","26522","28864","34011","30099","31994","39427","","43197","45545","44401","51822","50097","47256","45827","43271","",
"Guinea-Bissau","GNB","Children out of school, primary, male","SE.PRM.UNER.MA","","","","","","","","","","","","","","","","","","","","","","24925","17737","","22693","24489","","35339","37912","","","","","","","","","","","","45049","","","","","","","","","","31046","","","","","","","","",
"Equatorial Guinea","GNQ","Children out of school, primary, male","SE.PRM.UNER.MA","","","","","","","","","","","","","","","","","","","","","","","","","","","","","","","","","","","11914","","","","","","10301","8890","9832","11772","","","","","30211","32455","34521","35422","35960","","","43267","","","",
"Greece","GRC","Children out of school, primary, male","SE.PRM.UNER.MA","","","","","","","","","","","","37166","35464","31050","24483","23957","24532","27903","31350","34989","40986","34399","32177","28271","28400","28916","33321","43061","39394","40860","40248","40711","48789","55111","56218","53487","52361","48134","22603","20055","15270","19318","17185","16623","15491","19566","21053","22136","","","18583","17574","16448","18691","23922","21558","24998","","",
"Grenada","GRD","Children out of school, primary, male","SE.PRM.UNER.MA","","","","","","","","","","","","","1962","","","","","199","","","198","712","986","995","811","","","","","","","","","","","","","","","","","","243","","119","759","","514","346","293","","","","105","168","136","244","","",
"Greenland","GRL","Children out of school, primary, male","SE.PRM.UNER.MA","","","","","","","","","","","","","","","","","","","","","","","","","","","","","","","","","","","","","","","","","","","","","","","","","","","","","","","","","","","",
"Guatemala","GTM","Children out of school, primary, male","SE.PRM.UNER.MA","","","","","","","","","","","238437","237349","239682","","246754","247014","","","255636","","","243826","275243","256805","","","","","","","","","","","","","","231120","","151801","133852","146720","121617","","81718","69224","54612","46112","49304","21560","33593","62042","96779","124370","146293","148648","154730","","",
"Guam","GUM","Children out of school, primary, male","SE.PRM.UNER.MA","","","","","","","","","","","","","","","","","","","","","","","","","","","","","","","","","","","","","","","","","","","","","","","","","","","","","","","","","","","",
"Guyana","GUY","Children out of school, primary, male","SE.PRM.UNER.MA","","","","","","","","","","","","9027","8101","","6758","","9255","5943","","8402","","","7829","","","","","","","","","4055","5130","6091","","4971","5756","","","","","","","6229","","","","","1583","4124","2241","1404","2725","","","","","","",
"High income","HIC","Children out of school, primary, male","SE.PRM.UNER.MA","","","","","","","","","","","4454645","4419455","4458376","4206532","4288479","4109114","3806769","3693995","3562657","3517316","2429593","2471220","2305819","2608083","2800097","2737404","2398610","2113304","1925853","1792534","1700929","1685320","1888483","1923349","1974876","1812677","1883087","2073146","1561791","1524638","1535081","1571221","1684324","1534316","1550671","1332579","1244662","1087460","980834","1226492","1259529","1478367","1332936","1412746","1489737","1298266","1164846","1179290","",
"Hong Kong SAR, China","HKG","Children out of school, primary, male","SE.PRM.UNER.MA","","","","","","","","","","","","34730","31293","31121","25232","19861","17952","14472","15715","15234","4534","5060","8516","9899","11463","14338","","","","","","","","","","20732","18651","","","","","","","","","","","","","","","","","","","","","","",
"Honduras","HND","Children out of school, primary, male","SE.PRM.UNER.MA","","","","","","","","","","","","","","","","","","","","77156","77649","","47062","45407","44292","","52209","","","","","62950","","59962","","","","","","","80688","","","71475","63682","87739","56687","89803","68941","76228","76513","70039","91196","109661","108257","118552","107283","102404","",
"Heavily indebted poor countries (HIPC)","HPC","Children out of school, primary, male","SE.PRM.UNER.MA","","","","","","","","","","","","","10381876","10513448","10707322","10604752","10505459","10436454","10443516","10502313","10427287","10444026","10869460","10990846","11370336","11731680","12106580","12732065","13212933","13952330","14726766","14876778","15673667","16266044","16438149","16046424","16346630","15786298","16237671","16854239","16498621","15882603","14930065","14223381","13696959","12936274","12409661","11789787","10655470","10887102","11236774","10846845","10915100","10613657","10623255","10877886","10918335","11204594","",
"Croatia","HRV","Children out of school, primary, male","SE.PRM.UNER.MA","","","","","","","","","","","","","","","","","","","","","","","","","","","","","","","","","","","","","","","18282","8077","6314","3573","1397","","","2022","2051","2263","4106","8601","5940","3709","2210","2570","2435","2462","3532","","",
"Haiti","HTI","Children out of school, primary, male","SE.PRM.UNER.MA","","","","","","","","","","","","","","","","","","","","","","272599","247424","235146","255805","235716","235835","294553","","","","","","","","","","283128","","","","","","","","","","","","","","","","","","","","","",
"Hungary","HUN","Children out of school, primary, male","SE.PRM.UNER.MA","","","","","","","","","","","","","","","","","","","","","","","","","","","","","","","","","","","","","52103","31393","10727","10066","8961","8059","7752","10015","10588","7927","6516","7955","6161","5577","6235","7525","8545","8478","8005","7597","6475","","",
"IBRD only","IBD","Children out of school, primary, male","SE.PRM.UNER.MA","","","","","","","","","","","23816523","24479801","24391174","22913215","22608437","22052911","21588226","21242421","22413993","21930062","20981777","20020997","19661438","19214577","18296448","17330376","15990172","15511889","14764411","13465384","13175759","13229852","14359545","15028085","15857180","17684531","18529431","19800368","17914029","15603686","14433458","13693601","11460411","11226601","9930046","10754195","10190364","7880820","8109246","9172346","8580418","9372128","8188141","8197642","8108473","7571909","7579903","7579448","",
"IDA & IBRD total","IBT","Children out of school, primary, male","SE.PRM.UNER.MA","","","","","","","","","","","42584681","43385235","42952017","41136324","41116355","40503133","40060340","39499163","40661943","39938435","38899050","37824575","37559225","37314304","37455564","37417472","37249149","37794157","37517507","37262308","38009967","38266259","40068007","41270081","42478209","44405785","46216951","46879445","45288186","43429425","41084701","39644695","36425242","34948986","32464488","32308246","31710922","27657118","27850762","29043213","28614363","28860544","27820638","28215315","28198549","28096769","27849272","28536921","",
"IDA total","IDA","Children out of school, primary, male","SE.PRM.UNER.MA","","","","","","","","","","","","","18560843","18223109","18507919","18450222","18472114","18256742","18247950","18008373","17917274","17803577","17897787","18099727","19159116","20087096","21258977","22282268","22753096","23796924","24834208","25036407","25708462","26241996","26621029","26721254","27687520","27079077","27374156","27825738","26651243","25951094","24964830","23722385","22534442","21554051","21520558","19776298","19741516","19870867","20033945","19488417","19632497","20017674","20090075","20524860","20269368","20957473","",
"IDA blend","IDB","Children out of school, primary, male","SE.PRM.UNER.MA","","","","","","","","","","","","","","","","","","","","","","","","","","","","","","","","","","","","","","","8224071","7995475","7551930","7569131","7745783","7498618","6961007","6986933","7521887","6190719","7312859","7085905","6982434","7023894","7153583","7501194","7340383","7507551","7185774","7567237","",
"Indonesia","IDN","Children out of school, primary, male","SE.PRM.UNER.MA","","","","","","","","","","","","2315603","2271475","","2213798","2272307","2050431","","1116015","","","627378","","","","","","58367","","60846","298707","431332","527815","709507","611817","615034","845184","843278","","","","416965","555819","587069","693378","761289","584608","204003","413577","253786","359827","654972","674430","1082328","1092565","","855875","689821","",
"IDA only","IDX","Children out of school, primary, male","SE.PRM.UNER.MA","","","","","","","","","","","13118351","13176630","12797662","12412521","12856732","12713994","12586111","12530806","12568409","12755978","12799390","12988298","13361234","13512449","14308997","14863233","15356799","16022678","16027263","16741480","17614526","17632264","18267944","18866725","19031440","18775253","19048462","18641032","19150086","19830263","19099313","18381963","17219047","16223768","15573435","14567117","13998672","13585578","12428657","12784961","13051511","12464523","12478914","12516479","12749693","13017309","13083595","13390236","",
"Isle of Man","IMN","Children out of school, primary, male","SE.PRM.UNER.MA","","","","","","","","","","","","","","","","","","","","","","","","","","","","","","","","","","","","","","","","","","","","","","","","","","","","","","","","","","","",
"India","IND","Children out of school, primary, male","SE.PRM.UNER.MA","","","","","","","","","","","","9901496","","","","","","","","","","","","","","","","","","","6173761","","","","","","","","","","5615456","6175160","6703339","6403045","","","","1534514","2371841","3627123","3130002","3686461","2450842","1962707","","","","","",
"Not classified","INX","Children out of school, primary, male","SE.PRM.UNER.MA","","","","","","","","","","","","","","","","","","","","","","","","","","","","","","","","","","","","","","","","","","","","","","","","","","","","","","","","","","","",
"Ireland","IRL","Children out of school, primary, male","SE.PRM.UNER.MA","","","","","","","","","","","","11025","13327","13248","14636","13606","10604","8426","8417","10862","15475","22019","28055","32832","","","36327","34118","31401","29988","28718","28857","29742","29620","28684","27262","24943","","1972","","","778","","","","","","","","","1033","5752","804","994","1194","","51","","",
"Iran, Islamic Rep.","IRN","Children out of school, primary, male","SE.PRM.UNER.MA","","","","","","","","","","","","","","","","","","","","","","","","","256833","302745","317728","334040","360385","401362","141590","","42521","","","","","225599","","559297","579325","","174667","200555","89434","103072","","37640","","","","","","","","","","","",
"Iraq","IRQ","Children out of school, primary, male","SE.PRM.UNER.MA","","","","","","","","","","","","172138","151907","134442","120527","161558","75517","94761","102749","21338","16556","44873","","105492","","104160","98083","70747","69972","67530","","","","293825","","","352233","","","77349","102585","","","","22439","","","52595","","","","","","","","","","","",
"Iceland","ISL","Children out of school, primary, male","SE.PRM.UNER.MA","","","","","","","","","","","","","","","","","","","","","","","","","","","","","","","","","","","404","","373","288","27","","","","","131","376","337","361","345","174","","154","211","295","243","210","212","67","","",
"Israel","ISR","Children out of school, primary, male","SE.PRM.UNER.MA","","","","","","","","","","","","","","","","","","","","","","","","","","","","","","","","","","","","","","","","7065","6355","5838","7022","6871","9017","9887","12417","11840","12040","13125","11868","13334","10801","12543","13718","12005","15460","","",
"Italy","ITA","Children out of school, primary, male","SE.PRM.UNER.MA","","","","","","","","","","","","","","","","","57964","","","14278","","","","","","24435","","","","","","","","","","","22442","15992","","","3126","3050","4266","3507","7079","4062","4671","4658","5092","5500","5054","7546","4948","4500","6008","11444","18077","","",
"Jamaica","JAM","Children out of school, primary, male","SE.PRM.UNER.MA","","","","","","","","","","","","","","","","11084","16142","15458","","9134","9605","8528","","7101","9120","10022","9407","3290","9481","4268","4865","7735","","10970","","","","","","15020","12526","13264","15232","17616","14446","","","","","","","","","","","","","","",
"Jordan","JOR","Children out of school, primary, male","SE.PRM.UNER.MA","","","","","","","","","","","","","11302","3088","","","","","315","2660","17996","25636","26942","36448","38164","39717","","","","","","","","","","","","","","37409","33794","","24409","20149","21402","","","","","","","","","","","","","","",
"Japan","JPN","Children out of school, primary, male","SE.PRM.UNER.MA","","","","","","","","","","","","48177","72279","99734","181942","125488","71081","44832","67097","53649","","25606","89492","112813","99981","44206","","","","","","44446","61983","","32600","","","","89435","96947","95001","87891","56871","35658","","","","","","","30423","36868","45381","55421","66652","46745","67266","","",
"Kazakhstan","KAZ","Children out of school, primary, male","SE.PRM.UNER.MA","","","","","","","","","","","","","","","","","","","","","","","","","","","","","","","","","","","","","","","","","46556","22085","14493","13662","11111","9831","13535","12208","5824","3293","","5650","4400","4676","3657","1280","2790","10891","",
"Kenya","KEN","Children out of school, primary, male","SE.PRM.UNER.MA","","","","","","","","","","","","","","","","","","","","","","","","","","","","","","","","","","","","","","","","1003853","947902","920827","1071226","772857","848910","859861","926813","612063","769992","733817","","","676463","","","","","","",
"Kyrgyz Republic","KGZ","Children out of school, primary, male","SE.PRM.UNER.MA","","","","","","","","","","","","","","","","","","","","","","","","","","","","","","","","","","","","","14239","","","16575","17664","14600","14426","14952","5205","9869","6323","8571","9562","11313","9475","10072","2430","2332","3236","3391","2715","2861","",
"Cambodia","KHM","Children out of school, primary, male","SE.PRM.UNER.MA","","","","","","","","","","","","","","","","","","","","","","","","","","","","","","","","","","","","","","106075","91826","83640","22761","","","3758","","","44191","22299","34546","","50670","2189","2911","","35927","56387","70056","92515","",
"Kiribati","KIR","Children out of school, primary, male","SE.PRM.UNER.MA","","","","","","","","","","","","","","","","","","","","","","","","","","64","198","341","","93","","","","","","","","","","","","","","","","","","","","","","","","","","","","","",
"St. Kitts and Nevis","KNA","Children out of school, primary, male","SE.PRM.UNER.MA","","","","","","","","","","","","","","","","","","","","","","","","","","","","","","","","","","","","","","","","","","","","","","","","","","","","","","","","","","","",
"Korea, Rep.","KOR","Children out of school, primary, male","SE.PRM.UNER.MA","","","","","","","","","","","","67155","32258","55299","69239","69556","48683","78247","73592","32400","2695","","","","27767","42861","48452","17033","","","","","","","","","","","69428","53150","30396","45777","49587","28399","31714","1719","2717","3652","4981","8820","17490","24034","48829","90340","84289","43282","52028","","",
"Kuwait","KWT","Children out of school, primary, male","SE.PRM.UNER.MA","","","","","","","","","","","","14741","15600","14483","13648","13427","14116","12183","5057","6637","10617","10917","10907","9539","8367","5587","5546","10834","13578","","","","53417","","26229","","4739","4179","","1781","7341","10820","9214","","8606","9750","","1169","56","","648","415","3011","5068","5619","5808","6959","9847","",
"Latin America & Caribbean (excluding high income)","LAC","Children out of school, primary, male","SE.PRM.UNER.MA","","","","","","","","","","","3244411","3281642","3267243","3198631","3156704","3178372","3085840","2917245","2827030","2504191","2476906","2348891","2385791","2404783","2410688","2371906","2374764","2375498","2471911","2701814","2586088","2570060","2316902","2289916","2442246","2450134","2238506","2311141","1738709","1383780","1197337","1042314","964592","1125617","1190380","1473857","1643016","1746180","1193926","1197698","1128468","1058552","1116336","1323316","1406098","1392997","1425489","1483992","",
"Lao PDR","LAO","Children out of school, primary, male","SE.PRM.UNER.MA","","","","","","","","","","","","","","","","","","","","","","","","","","","","","","","","","117243","104479","95139","","98051","92773","83197","84586","83320","87446","83638","73239","71943","66292","58431","47864","38993","31678","13914","15711","15602","8574","7590","14517","17469","23762","",
"Lebanon","LBN","Children out of school, primary, male","SE.PRM.UNER.MA","","","","","","","","","","","","","","","","","","","","","","","","","","","","","","","","","","","","","","23475","","","","","","1994","4683","13033","18506","16280","14215","10375","7322","7027","14936","19037","33867","35705","35203","23817","",
"Liberia","LBR","Children out of school, primary, male","SE.PRM.UNER.MA","","","","","","","","","","","","","","","","","","","","","","","","","","","","","","","","","","","","","","","","99225","","","","","","","173130","","164043","179015","","193585","","","221288","226568","","","",
"Libya","LBY","Children out of school, primary, male","SE.PRM.UNER.MA","","","","","","","","","","","","12602","2689","","","","","","9981","","","2056","","","","","","","","","","","","","","","","","","","","","","","","","","","","","","","","","","","","","",
"St. Lucia","LCA","Children out of school, primary, male","SE.PRM.UNER.MA","","","","","","","","","","","","","","","","","","","","","","1567","1160","","","","","","","","153","","","","","","","","","","901","779","58","204","427","695","386","455","","","","","","","","","","","",
"Latin America & Caribbean","LCN","Children out of school, primary, male","SE.PRM.UNER.MA","","","","","","","","","","","3402285","3409616","3396166","3325668","3269004","3293172","3205042","3020655","2943674","2634883","2631919","2485433","2549294","2612642","2667685","2632567","2639911","2650043","2748076","2983779","2875661","2812619","2541644","2477258","2619810","2628145","2414025","2703729","1867662","1495797","1308045","1143971","1063554","1234601","1266680","1554145","1718925","1821294","1270631","1299399","1221894","1168825","1230640","1446820","1543297","1526807","1554674","1612996","",
"Least developed countries: UN classification","LDC","Children out of school, primary, male","SE.PRM.UNER.MA","","","","","","","","","","","12651313","12706367","12321709","11943178","12353748","12179768","12053242","11979524","11992246","12171385","12196737","12426033","12825427","12951987","13720697","14296488","14717156","15384999","15347536","16050497","16886926","16980666","17632817","18197871","18382672","18086098","18333708","17944082","18440584","19109570","18391255","17628773","16512840","15343828","14683758","13642063","13008602","12733773","11647531","11954782","12278727","11712485","11745758","11558359","11801282","12178229","12366171","12688079","",
"Low income","LIC","Children out of school, primary, male","SE.PRM.UNER.MA","","","","","","","","","","","","","","9389448","9539337","9468871","9403001","9315889","9354112","9452119","9236784","9094169","9486881","9556385","9884173","10204821","10497505","11151577","11595509","12277878","13073974","13230256","14009139","14551688","14740937","14345337","14609079","14183276","14659459","15269583","14825447","14204109","13239834","12379167","11895336","11170011","10580686","10068211","9197345","9215708","9558882","9211198","9083473","9276723","9678084","10065830","10262007","10555344","",
"Liechtenstein","LIE","Children out of school, primary, male","SE.PRM.UNER.MA","","","","","","","","","","","","","","","","","","","","","","","","","","","","","","","","","","","","","","","","","","","","","","","","","","","","","","","29","","","","",
"Sri Lanka","LKA","Children out of school, primary, male","SE.PRM.UNER.MA","","","","","","","","","","","","","","","","","","","","","","","","","","","","","","","","","","","","","","","","","","","","3922","","22430","24892","27432","34063","51476","35927","33448","32200","22486","16075","","","","",
"Lower middle income","LMC","Children out of school, primary, male","SE.PRM.UNER.MA","","","","","","","","","","","24324921","24457077","23888303","22895683","23237820","23012064","22784855","21591461","21671211","21213843","20727542","20214064","19454409","19096606","19188469","19730908","20075143","20750635","20355317","20048924","20517678","20908836","21219941","20946151","20563419","21260146","21880062","22159749","22166237","21874734","20471856","20634176","21213839","20569451","18671836","17257145","16505881","13487238","15113111","16153093","15394285","15987614","15019125","15044612","14682366","14377880","13838842","14113116","",
"Low & middle income","LMY","Children out of school, primary, male","SE.PRM.UNER.MA","","","","","","","","","","","42438030","43273511","42860632","41055968","41046536","40411938","39946711","39393910","40539179","39815881","38770119","37746788","37485869","37195972","37297518","37258278","37077814","37600594","37320512","37026125","37746019","38047433","39852434","41113605","42315613","44215101","46020208","46489363","45185799","43337132","40998237","39574867","36351872","34864384","32405947","32244094","31656652","27595994","27784251","28946703","28537049","28782920","27749846","28146691","28132398","28045736","27802490","28492809","",
"Lesotho","LSO","Children out of school, primary, male","SE.PRM.UNER.MA","","","","","","","","","","","52374","","57263","57570","51512","","52797","53393","60895","61481","61620","61955","58077","59953","60230","58059","58294","57090","56039","57725","60061","59021","59027","62882","60406","60809","60976","","72974","78525","41685","41242","40009","39894","43705","45062","44358","48021","46093","45078","40154","36717","34460","38309","36944","36795","36297","34292","",
"Late-demographic dividend","LTE","Children out of school, primary, male","SE.PRM.UNER.MA","","","","","","","","","","","","","","","","","","","","","","","","","","","4359906","3659211","3328404","3292456","3310690","3395310","4129008","4901929","5988468","7295376","8162231","9006374","7148848","5124033","4596955","3995223","1534697","1620282","1590195","3391104","4004950","3398023","2594591","2764439","2695739","2600359","2564675","2688311","2611377","2631024","2590804","2687117","",
"Lithuania","LTU","Children out of school, primary, male","SE.PRM.UNER.MA","","","","","","","","","","","","","","","","","","","","","","","","","","","","","","","","","","","","","","","4178","4009","2588","1848","1798","1778","1391","1400","1104","993","719","684","483","415","452","277","201","193","210","","",
"Luxembourg","LUX","Children out of school, primary, male","SE.PRM.UNER.MA","","","","","","","","","","","","","1517","1756","1304","1445","1494","1687","1697","","","3006","2218","2242","2404","","2376","2809","2070","","","","","","","","","","","592","658","601","547","770","673","486","407","372","531","","1029","1196","903","1064","796","501","242","","",
"Latvia","LVA","Children out of school, primary, male","SE.PRM.UNER.MA","","","","","","","","","","","","","","","","","","","","","","","","","","","","","","","","","","","","","","","","3112","","","","","","","","","952","1458","1351","1326","1847","2218","2450","2502","2406","","",
"Macao SAR, China","MAC","Children out of school, primary, male","SE.PRM.UNER.MA","","","","","","","","","","","","","","","","","","","","","","","","","","","","","","","1533","","2715","","","","","","","3067","3188","3684","3294","3188","2861","2700","2771","2354","2195","2316","2252","1923","1634","1333","781","262","205","161","",
"St. Martin (French part)","MAF","Children out of school, primary, male","SE.PRM.UNER.MA","","","","","","","","","","","","","","","","","","","","","","","","","","","","","","","","","","","","","","","","","","","","","","","","","","","","","","","","","","","",
"Morocco","MAR","Children out of school, primary, male","SE.PRM.UNER.MA","","","","","","","","","","","","","","","","646858","612799","550814","502398","469234","431677","395119","400136","371905","335856","367197","407198","454226","500230","556773","562459","693402","705606","675299","634103","583468","540845","511516","555400","476236","395537","335353","260264","239738","242278","217175","187923","164093","155625","172784","125794","115570","131311","108415","119995","","100313","56663","",
"Monaco","MCO","Children out of school, primary, male","SE.PRM.UNER.MA","","","","","","","","","","","","","","","","","","","","","","","","","","","","","","","","","","","","","","","","","","","","","","","","","","","","","","","","","","","",
"Moldova","MDA","Children out of school, primary, male","SE.PRM.UNER.MA","","","","","","","","","","","","","","","","","","","","","","","","","","","","","","","","","","","","","","","","","8873","3993","4415","3245","3321","6291","8672","8404","7475","7552","7708","6917","7138","7182","7601","7560","7501","8038","",
"Madagascar","MDG","Children out of school, primary, male","SE.PRM.UNER.MA","","","","","","","","","","","","","161304","","","","","","","","","","","","","","","","","267580","288753","","","","","446330","411354","","","371547","369304","367993","372183","266025","","","","","","","","","","","","","","","",
"Maldives","MDV","Children out of school, primary, male","SE.PRM.UNER.MA","","","","","","","","","","","","","","","","","","","","","","","","","","","","","","","","","","","","","","1291","","1155","953","639","540","","","402","474","670","890","582","","","","","","713","526","111","",
"Middle East & North Africa","MEA","Children out of school, primary, male","SE.PRM.UNER.MA","","","","","","","","","","","2839583","2925904","2741980","2708594","2692512","2616688","2463480","2415855","2382177","2491297","2386158","2476468","2471669","2499436","2427559","2514873","2519884","2488521","2546945","2682418","2369111","2408925","2787592","2872809","2732232","2939360","2766163","2783082","2904873","3008443","2801482","2287956","1874621","1702830","1428891","1412456","1366736","1073493","958303","823497","627366","737661","680116","1078711","1290594","1246017","1273836","1217207","",
"Mexico","MEX","Children out of school, primary, male","SE.PRM.UNER.MA","","","","","","","","","","","","914680","","","","","","","","","","","","","","","","","","","","","","","","","","300911","296164","107979","79594","75128","70425","60905","100119","178667","244241","259533","262564","228786","184121","147456","140204","157170","163367","150456","131323","","",
"Marshall Islands","MHL","Children out of school, primary, male","SE.PRM.UNER.MA","","","","","","","","","","","","","","","","","","","","","","","","","","","","","","","","","","","","","","","","","","","51","","","","","","","","","","","","","1082","1097","","",
"Middle income","MIC","Children out of school, primary, male","SE.PRM.UNER.MA","","","","","","","","","","","33563567","34196254","33562859","31666520","31507199","30943067","30543709","30078021","31185068","30363762","29533335","28652619","27998988","27639587","27413345","27053458","26580310","26449018","25725003","24748248","24672044","24817177","25843294","26561917","27574676","29869764","31411130","32306086","30526340","28067548","26172790","25370758","23112037","22485217","20510611","21074084","21075966","17527783","18586906","19730995","18978167","19571723","18666373","18869968","18454314","17979906","17540483","17937465","",
"North Macedonia","MKD","Children out of school, primary, male","SE.PRM.UNER.MA","","","","","","","","","","","","","","","","","","","","","","","","","","","","","","","","","","","","","","","4837","4901","2210","3058","3963","4510","3966","3794","4337","4317","5960","4916","2744","","6130","6783","6271","4836","","","",
"Mali","MLI","Children out of school, primary, male","SE.PRM.UNER.MA","","","","","","","","","","","","347795","","","","","","","","","","","","","","","","","","","","","","","","","","","","426871","","","394456","406504","441442","382742","384860","375842","","319784","324172","329032","376861","","471402","534288","525840","468130","",
"Malta","MLT","Children out of school, primary, male","SE.PRM.UNER.MA","","","","","","","","","","","","3718","3745","4029","3765","2987","1843","1073","362","257","568","820","1122","1206","1158","647","836","1054","1152","1036","846","674","567","462","683","408","300","241","","","","","","","","","","","","","","317","254","104","243","332","","","",
"Myanmar","MMR","Children out of school, primary, male","SE.PRM.UNER.MA","","","","","","","","","","","","578648","","438812","682966","","","","635987","","","","","","","","","","","","","","","","","","","","","","164168","133338","197771","154380","191648","209246","205399","360516","202381","233472","259124","","","","","","","","",
"Middle East & North Africa (excluding high income)","MNA","Children out of school, primary, male","SE.PRM.UNER.MA","","","","","","","","","","","2552176","2625663","2433511","2390755","2365968","2283792","2117022","2062102","2021592","2108854","1985818","2056367","2037005","2048805","1968031","2042623","2038007","1998834","2043350","2162866","1831176","1837418","2203243","2291280","2160376","2393579","2247353","2282494","2431651","2557233","2361176","1860496","1473293","1324923","1079431","1088853","1080666","840592","763740","660191","542988","648192","634786","991124","1196127","1199197","1154085","1095044","",
"Montenegro","MNE","Children out of school, primary, male","SE.PRM.UNER.MA","","","","","","","","","","","","","","","","","","","","","","","","","","","","","","","","","","","","","","","","","","","","471","","348","176","601","613","","","1798","886","","","1017","1017","703","",
"Mongolia","MNG","Children out of school, primary, male","SE.PRM.UNER.MA","","","","","","","","","","","","","","","","","","","","","","","","","","","","","","","","","","","","17982","15021","20384","16243","13304","10440","8737","9403","16689","7884","10614","3970","2855","1839","3607","1928","1478","2019","4454","4249","2138","862","849","",
"Northern Mariana Islands","MNP","Children out of school, primary, male","SE.PRM.UNER.MA","","","","","","","","","","","","","","","","","","","","","","","","","","","","","","","","","","","","","","","","","","","","","","","","","","","","","","","","","","","",
"Mozambique","MOZ","Children out of school, primary, male","SE.PRM.UNER.MA","","","","","","","","","","","","","","374026","","","","","","382804","","429730","448362","329884","","322285","335666","452887","","499016","","500989","527496","546260","542600","526097","","","728829","697116","661715","613626","747114","","552181","471621","413376","317058","258182","250752","223474","290683","293256","272041","264943","226745","278916","327590","",
"Mauritania","MRT","Children out of school, primary, male","SE.PRM.UNER.MA","","","","","","","","","","","","","","","","","","","","","","","","","","","","","","","","","","","92890","82594","79908","","80558","85360","87056","80766","86326","82182","68932","75050","70098","70487","82412","85571","86923","88767","95891","88253","84229","","99624","84132","",
"Mauritius","MUS","Children out of school, primary, male","SE.PRM.UNER.MA","","","","","","","","","","","","","17918","16954","15651","14089","13438","10664","12284","14269","14016","11794","7518","5336","3427","","1176","","","","2140","5011","","4754","3961","3360","1840","1300","2674","4781","4519","5112","4156","4573","3949","2746","2735","2398","2170","2410","2627","2525","4036","2760","2377","2375","2916","2273","",
"Malawi","MWI","Children out of school, primary, male","SE.PRM.UNER.MA","","","","","","","","","","","","","","","","","","","","","","","","","","","","","","","","","","","","","","","","29118","","","","","50550","57722","83066","144870","66516","64773","","","","","","","","","",
"Malaysia","MYS","Children out of school, primary, male","SE.PRM.UNER.MA","","","","","","","","","","","91387","107885","98786","","","","","","","","","","","","","","","","","","","","","","43633","","","","62231","58301","27160","36089","55453","47989","12015","8204","95697","91783","77627","83151","56560","43925","14041","","","8600","15059","23819","",
"North America","NAC","Children out of school, primary, male","SE.PRM.UNER.MA","","","","","","","","","","","","","","","","","","","","","","","","","","1088704","876094","671056","528560","374217","238172","174123","286032","409641","536371","421825","563433","547426","530669","544453","521871","561447","696023","583311","646302","555951","516831","417176","394259","629268","730708","928598","796867","787178","805091","735796","495467","504152","",
"Namibia","NAM","Children out of school, primary, male","SE.PRM.UNER.MA","","","","","","","","","","","","","","","","","","","","","","","","","","","","","","31426","31486","","26903","","","","","","24223","25176","22733","22113","20731","21496","26357","26668","30746","26860","27564","27892","28238","","24383","20429","","","","7850","",
"New Caledonia","NCL","Children out of school, primary, male","SE.PRM.UNER.MA","","","","","","","","","","","","","","","","","","","","","","","","","","","","","","","","","","","","","","","","","","","","","","","","","","","","","","","","","","","",
"Niger","NER","Children out of school, primary, male","SE.PRM.UNER.MA","","","","","","","","","","","","","","354852","365004","","","","","","","","","","","","407635","","","461685","481447","493837","524532","","","","","577432","595316","603906","623896","606646","583734","566034","549337","582116","594705","606536","597171","575691","545554","499634","506644","537023","568020","563356","568534","537778","",
"Nigeria","NGA","Children out of school, primary, male","SE.PRM.UNER.MA","","","","","","","","","","","","","","","","","","","","","","","","","","","","","","","","","","","","","","","","3038587","2778901","","","","2956890","3010724","3106242","2462259","3478530","3482697","3652168","","","","","","","","",
"Nicaragua","NIC","Children out of school, primary, male","SE.PRM.UNER.MA","","","","","","","","","","","","100582","","103350","","","","","","","102229","","113070","115866","122911","117400","123604","120764","124296","133033","125317","117100","108354","106868","104529","113315","","","","75780","63065","45118","14271","","","","10232","11470","","","10868","","","","","","","","",
"Netherlands","NLD","Children out of school, primary, male","SE.PRM.UNER.MA","","","","","","","","","","","","60832","65910","71569","77178","78463","71600","69454","65511","61081","59211","61835","73491","83960","89198","89200","53510","42482","33817","30972","32507","36312","39479","45672","4864","3602","2098","472","","","","","","","","","","","","","","","","","","","","","",
"Norway","NOR","Children out of school, primary, male","SE.PRM.UNER.MA","","","","","","","","","","","","","","","","","1207","","2631","3603","","3627","4125","","5436","6942","6436","5479","3823","2156","510","","642","2396","2689","2897","2962","32054","731","251","896","703","873","395","1632","3653","3854","2222","1921","2209","2344","1519","1113","200","274","209","187","","",
"Nepal","NPL","Children out of school, primary, male","SE.PRM.UNER.MA","","","","","","","","","","","","","","","","","","","","","","","","177133","178558","","","","132932","","","","","","","","","","","392473","313553","","","243504","239306","","","","","","","15862","","","84170","41006","46147","59960","",
"Nauru","NRU","Children out of school, primary, male","SE.PRM.UNER.MA","","","","","","","","","","","","","","","","","","","","","","","","","","","","","","","","","","","","","","","","","","","","","","","","","","","","","165","","79","","148","","",
"New Zealand","NZL","Children out of school, primary, male","SE.PRM.UNER.MA","","","","","","","","","","","","","","880","512","","","","","","","","","640","","","","","","","","1363","3636","","4876","2797","1654","","","","","","","","","","","","","","","","","4759","5133","4943","3635","","",
"OECD members","OED","Children out of school, primary, male","SE.PRM.UNER.MA","","","","","","","","","","","4958698","4968349","4957126","4642142","4662659","4538555","4195159","3994746","3868519","3590051","2449294","2482304","2292123","2519822","2552358","2499474","2024750","1690908","1481593","1458852","1180429","1204699","1397174","1532649","1651149","1549186","1660452","1900652","1357885","1120227","1102643","1153913","1294644","1156029","1246305","1132909","1156089","1065557","1034273","1360055","1414896","1618108","1556814","1581781","1610334","1450304","1238772","1250679","",
"Oman","OMN","Children out of school, primary, male","SE.PRM.UNER.MA","","","","","","","","","","","","","","52089","49433","44556","46630","","42787","42348","","42101","42378","43874","40315","43009","42453","40602","44515","45336","46540","48345","48175","46050","46560","44272","37962","38277","35164","31096","28978","27315","25805","26677","","","","","","742","","6212","3980","2938","3671","4053","2670","2669","",
"Other small states","OSS","Children out of school, primary, male","SE.PRM.UNER.MA","","","","","","","","","","","285935","298551","297134","293402","283921","272299","265108","261486","269954","275982","272413","262333","249781","252117","252475","248204","259758","269081","281276","299238","325998","335435","352770","357783","348417","353697","352213","355678","350938","354983","317606","307925","300538","306423","313428","326764","320535","324254","327100","321655","299219","282478","278479","296037","305389","309816","313618","303528","",
"Pakistan","PAK","Children out of school, primary, male","SE.PRM.UNER.MA","","","","","","","","","","","","","","","","","","","","","","","","","","","","","","","","","","","","","","","","","","","2989982","2973850","2382783","2317670","2703570","2349684","2307071","2195092","2034200","2387053","2506616","2684937","2347603","2324763","1861199","2119247","",
"Panama","PAN","Children out of school, primary, male","SE.PRM.UNER.MA","","","","","","","","","","","33880","24043","21072","18505","","16425","17748","","14923","17889","19473","22081","24018","26016","26426","25808","25259","24559","26594","24537","24224","","","","","","","","","12556","9520","6817","2234","","1922","2651","1527","1595","3726","10253","6515","9771","10627","14535","20541","26805","","","",
"Peru","PER","Children out of school, primary, male","SE.PRM.UNER.MA","","","","","","","","","","","220245","","","","","","","","","","","101203","","","","","","","","","","","","99289","","193031","","","1634","","","","","","28691","34475","34282","35758","39149","35543","35784","34787","","","","43813","18161","19410","",
"Philippines","PHL","Children out of school, primary, male","SE.PRM.UNER.MA","","","","","","","","","","","","","","","","","","","","","","249032","314145","381362","279754","","273530","231607","208952","144483","33174","","","","","","","","384800","666712","","670430","676136","649650","703232","766553","885156","880104","819614","697305","","","","","272596","293502","330523","","",
"Palau","PLW","Children out of school, primary, male","SE.PRM.UNER.MA","","","","","","","","","","","","","","","","","","","","","","","","","","","","","","","","","","","","","","","","","","","","","","","","","","","","","","","","","","","",
"Papua New Guinea","PNG","Children out of school, primary, male","SE.PRM.UNER.MA","","","","","","","","","","","","","","","","","","","","","","","","","","","","","","114636","","","","","","","","","","","","","","","","","","","","","","","139895","","","","115471","","",
"Poland","POL","Children out of school, primary, male","SE.PRM.UNER.MA","","","","","","","","","","","","","","","","","","","","","","","","","","","","","","","","","","","","","","","","55356","56060","60710","74531","88487","97791","103216","97121","90854","83209","70581","62227","60318","53203","49356","52235","55164","51951","","",
"Pre-demographic dividend","PRE","Children out of school, primary, male","SE.PRM.UNER.MA","","","","","","","","","","","","","","11556081","11474051","11416105","11365142","11076870","10682154","10196018","10134341","10135288","10351721","10497485","10885426","11497677","12303046","13120503","13816558","14563610","15096423","15281653","15919892","16204184","16542926","16537297","17655221","16941223","17294398","17630937","17144114","16678694","15919806","14810690","14427153","14304248","14142041","13045134","13493699","13610048","14003068","13668766","13925752","14460820","14730174","15255078","15398539","15793805","",
"Puerto Rico","PRI","Children out of school, primary, male","SE.PRM.UNER.MA","","","","","","","","","","","","","","","","","","","","","","","","","","","","","","","","","","","","","","","","","","","","","","","","","","","25692","30708","29693","28389","30030","31938","","","",
"Korea, Dem. People’s Rep.","PRK","Children out of school, primary, male","SE.PRM.UNER.MA","","","","","","","","","","","","","","","","","","","","","","","","","","","","","","","","","","","","","","","","","","","","","","","","","","27228","","","","","","","","","",
"Portugal","PRT","Children out of school, primary, male","SE.PRM.UNER.MA","","","","","","","","","","","","","","59824","58611","","36576","30538","18103","","21036","18955","","","21319","","","","","","","8481","","","3157","","","","","","","","","","","1444","1761","","","2576","2114","3066","2884","3486","5665","8493","10380","","",
"Paraguay","PRY","Children out of school, primary, male","SE.PRM.UNER.MA","","","","","","","","","","","41529","","41529","","","49182","46885","45428","41730","38815","33350","28602","17444","27662","29827","31286","35313","34600","30695","26394","20567","14701","11523","10588","30612","","20228","","","12590","10243","9984","16716","19878","22663","20938","27783","34776","40219","44206","41988","41534","42943","","","","85866","","",
"West Bank and Gaza","PSE","Children out of school, primary, male","SE.PRM.UNER.MA","","","","","","","","","","","","","","","","","","","","","","","","","","","","","","","","","","","","","","","","18901","18184","23572","24624","27497","32020","36397","35766","36603","31611","27081","22511","21492","15229","18149","16329","19880","20310","15072","",
"Pacific island small states","PSS","Children out of school, primary, male","SE.PRM.UNER.MA","","","","","","","","","","","","","","","","","","","","","","","","","","","","","","","","16641","15882","13550","12741","12490","16777","12938","14408","17829","17912","13784","11949","11193","11116","10443","10284","10469","11086","11961","12234","14026","16859","20001","20308","21356","19791","21620","",
"Post-demographic dividend","PST","Children out of school, primary, male","SE.PRM.UNER.MA","","","","","","","","","","","4316270","4302918","4377097","4146785","4225358","3993893","3624945","3488313","3302495","3212343","2079967","2147943","1963519","2212221","2342699","2257365","1889519","1588621","1352469","1175794","1042474","950029","1165776","1246204","1287085","1134569","1244056","1235374","1066290","1040449","1062775","1069441","1165920","1097083","1162144","963399","932224","821159","752893","1003258","1111571","1291397","1189549","1223899","1302983","1166296","962436","976213","",
"French Polynesia","PYF","Children out of school, primary, male","SE.PRM.UNER.MA","","","","","","","","","","","","","","","","","","","","","","","","","","","","","","","","","","","","","","","","","","","","","","","","","","","","","","","","","","","",
"Qatar","QAT","Children out of school, primary, male","SE.PRM.UNER.MA","","","","","","","","","","","","978","1064","1095","1188","","1303","861","427","185","","465","","617","904","1625","1987","2202","2714","2973","3439","5052","6028","6841","5620","","","","","760","1649","1733","162","238","75","","3807","601","","1649","2466","444","2250","4758","4689","2648","1337","673","",
"Romania","ROU","Children out of school, primary, male","SE.PRM.UNER.MA","","","","","","","","","","","","","","","","","","","","","","","","","","","","","","","","","","188066","128726","88490","71790","65664","34918","50590","49630","46198","30317","13094","4726","10381","22353","23617","24737","24446","26084","28823","33175","","","49302","53954","","",
"Russian Federation","RUS","Children out of school, primary, male","SE.PRM.UNER.MA","","","","","","","","","","","","","","","","","","","","","","","","","","","","","","","","","","","119601","257493","","","","","","","","","","","221182","189602","149522","115820","","88807","91631","88981","130005","95645","92417","","",
"Rwanda","RWA","Children out of school, primary, male","SE.PRM.UNER.MA","","","","","","","","","","","","","","129685","139472","153570","","151386","149307","","","","","","","","","","","","","","","","","","","","","122190","","","119463","75864","","","","","","","","","","","","","43026","60625","",
"South Asia","SAS","Children out of school, primary, male","SE.PRM.UNER.MA","","","","","","","","","","","14008833","14087667","13585690","12570810","12790822","12589412","12580289","12116669","13004503","13222244","13124350","12929507","13004703","12537808","12596984","12735608","12357688","13030956","12251375","11654127","11740791","12018385","12165049","11921446","11653271","11768931","11918468","12115998","12645100","12475125","11695015","12137907","12063948","11386007","9298449","7814367","6894412","5460769","6377632","7669392","6917888","7819018","6616960","6318043","6004055","5657973","5300955","5580619","",
"Saudi Arabia","SAU","Children out of school, primary, male","SE.PRM.UNER.MA","","","","","","","","","","","","","","","","","","","","309564","","","","","","","","","","","","","","","","","","","","","","","","","","","","","","130294","50276","53163","9507","","","","","","",
"Sudan","SDN","Children out of school, primary, male","SE.PRM.UNER.MA","","","","","","","","","","","","","","","","","","","","","","","","","","","","","","","","","","","","","","","","","","","","","","","","","","","","1091167","1324452","1361710","1403046","1397811","1370854","","",
"Senegal","SEN","Children out of school, primary, male","SE.PRM.UNER.MA","","","","","","","","","","","","","","","","","","","270402","267886","272106","273738","273974","273145","279187","285624","253018","","270064","","308093","","336996","","","","342328","318815","309595","323154","312178","","","280257","324553","324201","312034","298676","304022","312431","315882","322610","305708","328752","333839","349750","386809","370633","",
"Singapore","SGP","Children out of school, primary, male","SE.PRM.UNER.MA","","","","","","","","","","","","","","","","","","","","","","","","","","","","","","","","","","","","","","","","","","","","","","","","","","","","","","","","","","","",
"Solomon Islands","SLB","Children out of school, primary, male","SE.PRM.UNER.MA","","","","","","","","","","","","","","","","","","","","","","","","","","","","","","","","","","","","","","","","","","","","","","9033","7434","7379","","","","","","13562","13722","13999","13302","15031","",
"Sierra Leone","SLE","Children out of school, primary, male","SE.PRM.UNER.MA","","","","","","","","","","","","","","","","","","","","","","","","161221","","","","","","","","","","","","","","","","","","","","","","","","","","","","","33693","6751","","29492","6787","","",
"El Salvador","SLV","Children out of school, primary, male","SE.PRM.UNER.MA","","","","","","","","","","","105090","","","","","","","","","","","","","","","","","","","","","","","","","","","","100212","","36762","36713","29994","29524","","17569","17353","20531","19848","18943","16664","16689","19502","30671","39917","49144","54322","68692","",
"San Marino","SMR","Children out of school, primary, male","SE.PRM.UNER.MA","","","","","","","","","","","","","","","","","","","","","","","","","","","","","","","","","","","","","","","","","","","","","","","","","","79","","","62","","","","","","",
"Somalia","SOM","Children out of school, primary, male","SE.PRM.UNER.MA","","","","","","","","","","","","","","","","","234217","273698","326383","367361","399712","","","","","","","","","","","","","","","","","","","","","","","","","","","","","","","","","","","","","","",
"Serbia","SRB","Children out of school, primary, male","SE.PRM.UNER.MA","","","","","","","","","","","","","","","","","","","","","","","","","","","","","","","","","","","","","","","","","","","","","","","257","2420","2832","5199","8034","4385","5957","5855","2423","1253","1227","2096","",
"Sub-Saharan Africa (excluding high income)","SSA","Children out of school, primary, male","SE.PRM.UNER.MA","","","","","","","","","","","","","","","","14416551","14543687","14343830","14166783","13760692","13495177","13274753","13317966","13585186","14216275","15023541","16030470","16959931","17793147","17978098","18761340","18916882","19588515","19960490","20301657","20195865","21052311","20261498","20481602","20766773","19996272","19485761","19067805","18230554","17857806","17086558","16790859","15250870","15308202","15561387","16110248","15384453","15612425","15509364","15723895","16070662","16280598","16702941","",
"South Sudan","SSD","Children out of school, primary, male","SE.PRM.UNER.MA","","","","","","","","","","","","","","","","","","","","","","","","","","","","","","","","","","","","","","","","","","","","","","","","","","","","452477","","","","615154","","","",
"Sub-Saharan Africa","SSF","Children out of school, primary, male","SE.PRM.UNER.MA","","","","","","","","","","","","","","","","14417155","14544456","14344625","14167576","13761598","13496248","13275696","13318809","13586011","14217130","15024276","16031110","16960702","17794022","17978956","18762112","18917541","19589157","19961070","20302158","20196346","21052755","20261782","20481633","20766960","19996689","19486464","19068106","18230741","17857997","17086719","16791076","15251073","15308403","15561582","16110358","15384488","15612425","15509364","15723895","16070662","16280639","16702983","",
"Small states","SST","Children out of school, primary, male","SE.PRM.UNER.MA","","","","","","","","","","","331603","342348","337110","334567","320578","320304","318119","304711","314836","322735","327006","314774","296652","299342","300604","297097","308330","306993","322045","333923","368449","383511","401215","405985","394805","398095","400309","400147","394466","400331","362889","352546","349614","355019","356030","369246","360696","363696","362785","359047","334516","319314","318682","339382","349590","353451","355556","346310","",
"Sao Tome and Principe","STP","Children out of school, primary, male","SE.PRM.UNER.MA","","","","","","","","","","","","","","","","","","","","","","","","178","186","","","","548","","","","","","","","","","","2067","","","162","109","","19","","1471","1350","1438","1376","","","1490","1356","1253","","465","",
"Suriname","SUR","Children out of school, primary, male","SE.PRM.UNER.MA","","","","","","","","","","","","","","","","","","2021","1269","","","","","","","","","","","","","","","","","","","","","","","","","","","5512","5014","5534","3871","2958","3251","3680","3255","3173","3413","2597","2212","1330","",
"Slovak Republic","SVK","Children out of school, primary, male","SE.PRM.UNER.MA","","","","","","","","","","","","","","","","","","","","","","","","","","","","","","","","","","","","","","","","","","","","","","","","","","","","","","","","","","","",
"Slovenia","SVN","Children out of school, primary, male","SE.PRM.UNER.MA","","","","","","","","","","","","","","","","","","","","","","","","","","","","","","","","","","","","3885","2850","2301","1225","1640","2555","1629","1359","917","175","454","738","921","843","911","992","1154","991","1456","1642","1518","1763","","",
"Sweden","SWE","Children out of school, primary, male","SE.PRM.UNER.MA","","","","","","","","","","","","","","","","","","","","","","","13677","","","","","5398","4829","3630","1520","1142","","","","","","","","","973","","970","2178","10339","15604","16118","11469","3848","1103","883","873","930","1261","1289","1349","951","","",
"Eswatini","SWZ","Children out of school, primary, male","SE.PRM.UNER.MA","","","","","","","","","","","19651","20273","20024","19313","19766","19337","19475","19434","20111","20377","","18504","18992","20677","20734","20463","21859","22550","23475","25334","24457","24798","24653","26694","27474","27086","30278","","","","","","","","","","","","","27494","21536","18342","20962","25503","24926","26225","26859","","",
"Sint Maarten (Dutch part)","SXM","Children out of school, primary, male","SE.PRM.UNER.MA","","","","","","","","","","","","","","","","","","","","","","","","","","","","","","","","","","","","","","","","","","","","","","","","","","","","","","","","","","","",
"Seychelles","SYC","Children out of school, primary, male","SE.PRM.UNER.MA","","","","","","","","","","","","","","","","","","","","906","","","","","","","","","","","","","","580","501","481","444","","","","417","703","301","187","191","161","","","","","","","","","","","","","",
"Syrian Arab Republic","SYR","Children out of school, primary, male","SE.PRM.UNER.MA","","","","","","","","","","","","52165","","7638","","","","","6986","17302","26943","38026","49773","55175","47957","43399","35774","8463","12011","11811","14545","","","","","","105","13071","3135","","","","","","","","1395","2658","2472","2445","","","","333579","","","","","",
"Turks and Caicos Islands","TCA","Children out of school, primary, male","SE.PRM.UNER.MA","","","","","","","","","","","","","","","","","","","","","","","","","","","","","","","","","","","","","","","","","","","","","","","","","","","","","","","","","","","",
"Chad","TCD","Children out of school, primary, male","SE.PRM.UNER.MA","","","","","","","","","","","","","","","","202533","","209911","","","","","","","","","","","251963","","","","","","","","","291306","265679","269011","273268","278709","259687","261109","","","","","","","","316916","","","","","","","",
"East Asia & Pacific (IDA & IBRD countries)","TEA","Children out of school, primary, male","SE.PRM.UNER.MA","","","","","","","","","","","","","","","","","","","","","","","","","","","3461311","2472240","2076540","1805447","2109748","2113516","2966753","3943102","4999941","6479893","7679617","8602917","7047901","5384483","4899370","4286604","2155865","2184901","2351535","4203076","4636561","3707054","3562221","3226345","3260555","3303673","3187723","3463310","3227330","3176280","3083371","3052474","",
"Europe & Central Asia (IDA & IBRD countries)","TEC","Children out of school, primary, male","SE.PRM.UNER.MA","","","","","","","","","","","","","","","","","","","","","","","","","","","","","","","","","","766159","821440","1019269","970448","967053","870897","805914","883760","797944","673846","672545","698603","654348","682390","656029","638482","683710","610446","591070","587875","537451","567155","537950","546651","553293","",
"Togo","TGO","Children out of school, primary, male","SE.PRM.UNER.MA","","","","","","","","","","","","50147","52625","","","","","","27031","27176","28746","","39070","52095","72713","81830","99962","70323","73243","75202","75753","70454","","","94583","63654","33588","46401","","","","9941","","9615","447","6547","","18669","15941","","","","","","30899","","36089","33881","",
"Thailand","THA","Children out of school, primary, male","SE.PRM.UNER.MA","","","","","","","","","","","","","","765853","794165","","","","","","","","","","","","","","","","","","","","","","","","","","","","","","","","9168","21952","39548","49056","","","","","","","","","",
"Tajikistan","TJK","Children out of school, primary, male","SE.PRM.UNER.MA","","","","","","","","","","","","","","","","","","","","","","","","","","","","","","","","","","","","","","","","","3728","3643","2494","3411","2958","5070","5699","11471","3512","2195","1815","1688","3135","5315","13053","15728","14849","3259","",
"Turkmenistan","TKM","Children out of school, primary, male","SE.PRM.UNER.MA","","","","","","","","","","","","","","","","","","","","","","","","","","","","","","","","","","","","","","","","","","","","","","","","","","","","","","","","","","","",
"Latin America & the Caribbean (IDA & IBRD countries)","TLA","Children out of school, primary, male","SE.PRM.UNER.MA","","","","","","","","","","","3353363","3356770","3337681","3278117","3229101","3276239","3204450","3020206","2941729","2614888","2593658","2419136","2465022","2532448","2576099","2536716","2550420","2572383","2672269","2908417","2795766","2729107","2466576","2406583","2561521","2569325","2368832","2667789","1829767","1458610","1266874","1098851","1014807","1177366","1210494","1497281","1661584","1778203","1231896","1269075","1194640","1135595","1196098","1414172","1496315","1474587","1503880","1567581","",
"Timor-Leste","TLS","Children out of school, primary, male","SE.PRM.UNER.MA","","","","","","","","","","","","","","","","","","","","","","","","","","","","","","","","","","","","","","","","","","","","","","","","","30668","21601","11988","6492","7952","9591","13609","17641","21591","23377","",
"Middle East & North Africa (IDA & IBRD countries)","TMN","Children out of school, primary, male","SE.PRM.UNER.MA","","","","","","","","","","","2542275","2615563","2423040","2379831","2354582","2271998","2104886","2049635","2008853","2095883","1972618","2042909","2023227","2034624","1953378","2027464","2022356","1982676","2026723","2145797","1813646","1819349","2184491","2271722","2139878","2372020","2226831","2263906","2412887","2538332","2342992","1836924","1448669","1297426","1047411","1052456","1044900","803989","732129","633110","520477","626700","619557","972975","1179798","1179317","1133775","1079972","",
"Tonga","TON","Children out of school, primary, male","SE.PRM.UNER.MA","","","","","","","","","","","1022","825","393","","903","241","","","","","","","","903","","304","223","","","","682","","","653","","","","","390","538","","","","","","","","","","","","","","429","","","","","",
"South Asia (IDA & IBRD)","TSA","Children out of school, primary, male","SE.PRM.UNER.MA","","","","","","","","","","","14008833","14087667","13585690","12570810","12790822","12589412","12580289","12116669","13004503","13222244","13124350","12929507","13004703","12537808","12596984","12735608","12357688","13030956","12251375","11654127","11740791","12018385","12165049","11921446","11653271","11768931","11918468","12115998","12645100","12475125","11695015","12137907","12063948","11386007","9298449","7814367","6894412","5460769","6377632","7669392","6917888","7819018","6616960","6318043","6004055","5657973","5300955","5580619","",
"Sub-Saharan Africa (IDA & IBRD countries)","TSS","Children out of school, primary, male","SE.PRM.UNER.MA","","","","","","","","","","","","","","","","14417155","14544456","14344625","14167576","13761598","13496248","13275696","13318809","13586011","14217130","15024276","16031110","16960702","17794022","17978956","18762112","18917541","19589157","19961070","20302158","20196346","21052755","20261782","20481633","20766960","19996689","19486464","19068106","18230741","17857997","17086719","16791076","15251073","15308403","15561582","16110358","15384488","15612425","15509364","15723895","16070662","16280639","16702983","",
"Trinidad and Tobago","TTO","Children out of school, primary, male","SE.PRM.UNER.MA","","","","","","","","","","","","7171","7972","8617","8420","7427","4868","3461","5331","9159","11597","8155","6662","7655","7778","7748","9522","7532","7090","8420","11831","10788","11381","12506","","","11051","11013","","2152","1677","1989","4725","2833","2395","4177","","1538","1105","94","590","","","","","","","","",
"Tunisia","TUN","Children out of school, primary, male","SE.PRM.UNER.MA","","","","","","","","","","","","40281","","","","50387","","","48370","45633","36510","32134","23402","10783","","","","","","","6061","2717","3307","1336","3734","5800","13698","24431","","27325","20937","11726","","","","5034","7420","10954","8199","5256","","","","","","","","","",
"Turkey","TUR","Children out of school, primary, male","SE.PRM.UNER.MA","","","","","","","","","","","","","","","160262","","","","","","","","","","","","","","","","","","","","146291","168001","","140396","","31425","","","","","","","4876","3872","39030","129919","109014","138844","185910","156746","122456","122900","139962","","",
"Tuvalu","TUV","Children out of school, primary, male","SE.PRM.UNER.MA","","","","","","","","","","","","","","","","","","","","","","","","","","","","","","","","","","","","","","","","","","","","","","","","","","","","","","","","","","","",
"Tanzania","TZA","Children out of school, primary, male","SE.PRM.UNER.MA","","","","","","","","","","","","","","","","","","","","","","561239","689094","750439","","930709","990729","1047119","1113901","1147920","1195893","1251719","1290346","1360995","1444420","1487505","1526005","1558878","1619743","1649663","1569273","1425337","929439","646487","516751","378824","","","","","547633","","799193","942345","1070117","","1085409","1195178","",
"Uganda","UGA","Children out of school, primary, male","SE.PRM.UNER.MA","","","","","","","","","","","","","","","","","","","","716007","","709531","723022","","","","603403","","","","","","","","","","","","","","","","","","","","","","","358706","488820","404032","","415685","","","","","",
"Ukraine","UKR","Children out of school, primary, male","SE.PRM.UNER.MA","","","","","","","","","","","","","","","","","","","","","","","","","","","","","","","","","","","","","","","","","","","30896","102629","98425","92784","99098","99919","100711","95296","76089","61416","55126","54107","70752","","","","",
"Upper middle income","UMC","Children out of school, primary, male","SE.PRM.UNER.MA","","","","","","","","","","","","","","","","","","","","","","","","","","","6505166","5698382","5369686","4699323","4154367","3908341","4623353","5615765","7011257","8609617","9531068","10146337","8360103","6192814","5700934","4736582","1898199","1915766","1838775","3816938","4570085","4040545","3473795","3577901","3583882","3584109","3647248","3825356","3771949","3602026","3701641","3824349","",
"Uruguay","URY","Children out of school, primary, male","SE.PRM.UNER.MA","","","","","","","","","","","","","","","","","","","","","","","","","21438","","","","","","","13609","10120","9061","11638","12635","13833","13578","","","","","","","","3816","","3144","873","410","","","","632","8257","3418","2466","","",
"United States","USA","Children out of school, primary, male","SE.PRM.UNER.MA","","","","","","","","","","","","","","","","","","","","","","","","","","","820709","616573","","","178396","149723","","366355","490552","358341","511381","","","","","","","","","","","","","","","901374","789176","779169","796422","729816","494640","","",
"Uzbekistan","UZB","Children out of school, primary, male","SE.PRM.UNER.MA","","","","","","","","","","","","","","","","","","","","","","","","","","","","","","","","","","","","","","","","","","","","","","","","81899","96462","96845","81814","71276","53492","40876","29777","23957","20817","7947","",
"St. Vincent and the Grenadines","VCT","Children out of school, primary, male","SE.PRM.UNER.MA","","","","","","","","","","","","","","","","","","","","","","","","","640","","304","","","","","","","","","","","","","","","","","","","37","","","","","","228","","178","","79","123","71","",
"Venezuela, RB","VEN","Children out of school, primary, male","SE.PRM.UNER.MA","","","","","","","","","","","","","","","","","","","","","","","","","","","","","","","","","","","","","","","","267276","226372","180265","127111","149658","144274","166549","152083","132125","165314","129042","115160","115209","91939","107455","133079","141799","197073","245973","",
"British Virgin Islands","VGB","Children out of school, primary, male","SE.PRM.UNER.MA","","","","","","","","","","","","","","","","","","","","","","","","","","","","","","","","","","","","","","","","","","","","","","","","","","","","","","","","","","","",
"Virgin Islands (U.S.)","VIR","Children out of school, primary, male","SE.PRM.UNER.MA","","","","","","","","","","","","","","","","","","","","","","","","","","","","","","","","","","","","","","","","","","","","","","","","","","","","","","","","","","","",
"Vietnam","VNM","Children out of school, primary, male","SE.PRM.UNER.MA","","","","","","","","","","","","","","","","","","","","","","","","","","","","","","","","","","","","","","","","","","","","","","","","","","","","","","","","","","","",
"Vanuatu","VUT","Children out of school, primary, male","SE.PRM.UNER.MA","","","","","","","","","","","","","","","","","","","","","","1459","","","","","","","","3073","","","","","","","","","","261","","","","","348","","","","","","","","","","","2900","","","",
"World","WLD","Children out of school, primary, male","SE.PRM.UNER.MA","","","","","","","","","","","46892675","47692966","47319007","45262500","45335016","44521052","43753480","43087905","44101837","43333197","41199712","40218008","39791688","39804055","40097615","39995682","39476425","39713898","39246365","38818659","39446947","39732753","41740916","43036954","44290488","46027778","47903296","48562509","46747590","44861770","42533319","41146088","38036195","36398699","33956618","33576673","32901314","28683454","28765085","30173195","29796578","30261287","29082782","29559437","29622135","29344002","28967336","29672099","",
"Samoa","WSM","Children out of school, primary, male","SE.PRM.UNER.MA","","","","","","","","","","","","","","","","","","","","","","","","","","","","","","","","","","","1150","","","","986","1149","1499","1059","","","","","","","","","512","870","752","","528","503","780","683","",
"Kosovo","XKX","Children out of school, primary, male","SE.PRM.UNER.MA","","","","","","","","","","","","","","","","","","","","","","","","","","","","","","","","","","","","","","","","","","","","","","","","","","","","","","","","","","","",
"Yemen, Rep.","YEM","Children out of school, primary, male","SE.PRM.UNER.MA","","","","","","","","","","","","","","","","","","","","","","","","","","","","","","","","","","","","","","","","492643","","","","320846","278530","264749","","","320015","","217553","","161059","167193","","","247796","","",
"South Africa","ZAF","Children out of school, primary, male","SE.PRM.UNER.MA","","","","","","","","","","","735505","","","","","","","","","","","","","","","","","","","","","495153","","","327020","290194","","","292064","259298","309432","322032","324696","307564","306220","354046","","","","","","","","","","321581","","","",
"Zambia","ZMB","Children out of school, primary, male","SE.PRM.UNER.MA","","","","","","","","","","","","","68062","","","","74926","80616","92729","101889","106867","111926","117366","111183","106832","","108712","","135905","","","","","","219468","242601","","","294535","315849","330809","347636","325705","","215351","137319","171476","135241","","188713","229264","181030","166245","197030","","","","","",
"Zimbabwe","ZWE","Children out of school, primary, male","SE.PRM.UNER.MA","","","","","","","","","","","","","","","","","","","","","","","","","","","","","","","","","","","","","","","200190","171665","159406","139680","182927","203031","","","","","","","","","169633","210170","","","","","",
